url,problem,len
https://pulserevops.com/calculators,LONG,166
https://pulserevops.com/my-content,LONG,172
https://pulserevops.com/themachine,LONG,235
https://pulserevops.com/knowledge.html,LONG,217
https://pulserevops.com/answers.html,LONG,241
https://pulserevops.com/matrix.html,LONG,170
https://pulserevops.com/bins.html,LONG,179
https://pulserevops.com/kory-white-maryland,LONG,223
https://pulserevops.com/plan-90.html,LONG,180
https://pulserevops.com/fractional-cro-maryland-dc,LONG,338
https://pulserevops.com/fractional-cro,LONG,191
https://pulserevops.com/cro-syndicate-team,LONG,230
https://pulserevops.com/319-blue-bay-road-stevensville-md,LONG,272
https://pulserevops.com/highschool-football-recruiting,LONG,194
https://pulserevops.com/tools,LONG,210
https://pulserevops.com/pillars/deal-desk-architecture-scaled-governance.html,LONG,245
https://pulserevops.com/pillars/founder-led-sales-governance-stack.html,LONG,245
https://pulserevops.com/pillars/discount-governance-full-stack.html,LONG,211