metaDesc,count,examples
structure multi-year deals to protect margin by decoupling price from term: win the multi-year commitment through certainty and switching co,2,https://pulserevops.com/knowledge/q19107 | https://pulserevops.com/knowledge/q19108
"you scale a startup sales team without cratering your close rate by treating hiring velocity, ramp discipline, and pipeline quality as one l",2,https://pulserevops.com/knowledge/q19106 | https://pulserevops.com/knowledge/q19105
"the quota-setting methods that genuinely reflect territory potential in 2027 are bottom-up, data-driven models that blend total addressable ",2,https://pulserevops.com/knowledge/q19103 | https://pulserevops.com/knowledge/q19104
"in 2027, a defensible b2b demand gen budget splits roughly 40 to 60 percent into brand and 40 to 60 percent into performance, anchored by th",2,https://pulserevops.com/knowledge/q19102 | https://pulserevops.com/knowledge/q19101
"a sales forecast you can actually trust in 2027 is built on clean, current-state pipeline data, a documented and consistently applied method",2,https://pulserevops.com/knowledge/q19100 | https://pulserevops.com/knowledge/q19099
"you predict pre-renewal churn in 2027 by fusing product-usage telemetry, support signals, relationship health, and commercial context into a",2,https://pulserevops.com/knowledge/q19098 | https://pulserevops.com/knowledge/q19097
"building a go-to-market strategy for an ai-native product in 2027 means designing around outcomes and consumption rather than seats, proving",2,https://pulserevops.com/knowledge/q19095 | https://pulserevops.com/knowledge/q19096
"you build a turnover-proof leadership bench by treating succession as an always-on operating system, not an annual hr event: define the fron",2,https://pulserevops.com/knowledge/q19094 | https://pulserevops.com/knowledge/q19093
"most stacks break not because a tool is weak, but because the handoffs leak — a quote closes in cpq but the order never reaches billing, or ",2,https://pulserevops.com/knowledge/q19092 | https://pulserevops.com/knowledge/q19091
"designing sales compensation plans that retain top reps in 2027 means anchoring pay to a competitive, transparent structure where high perfo",2,https://pulserevops.com/knowledge/q19090 | https://pulserevops.com/knowledge/q19089
"in 2027, investors want the first slide to lead with net revenue retention (nrr), ending arr with its year-over-year growth rate, and a capi",2,https://pulserevops.com/knowledge/q19088 | https://pulserevops.com/knowledge/q19087
"the word ""obsolete"" gets thrown around loosely in software buying. a crm doesn't stop working in 2027 — the vendor keeps the lights on, the ",2,https://pulserevops.com/knowledge/q19086 | https://pulserevops.com/knowledge/q19085
"build a 30-60-90 day plan as a new sales leader in 2027 by dedicating the first 30 days to diagnosis (pipeline, data, team, and revops stack",2,https://pulserevops.com/knowledge/q19072 | https://pulserevops.com/knowledge/q19073
"the best outdoor concerts this summer are the ones that pair a great artist with a venue built for the open air — think amphitheaters, water",2,https://pulserevops.com/knowledge/q19152 | https://pulserevops.com/knowledge/q19151