h1,count,examples
should salesloft acquire a video tool in 2027?,2,https://pulserevops.com/knowledge/q1865 | https://pulserevops.com/knowledge/q1808
what is salesloft gross margin trajectory through 2028?,2,https://pulserevops.com/knowledge/q1864 | https://pulserevops.com/knowledge/q1807
how does salesloft grow internationally without vista cost-cutting?,2,https://pulserevops.com/knowledge/q1861 | https://pulserevops.com/knowledge/q1806
is salesloft pipeline ai worth buying vs clari?,2,https://pulserevops.com/knowledge/q1860 | https://pulserevops.com/knowledge/q1805
will salesloft conversation marketing beat drift standalone competitors?,2,https://pulserevops.com/knowledge/q1859 | https://pulserevops.com/knowledge/q1804
what should salesloft do about the drift acquisition value?,2,https://pulserevops.com/knowledge/q1858 | https://pulserevops.com/knowledge/q1803
how does salesloft win the hubspot crm customer base?,2,https://pulserevops.com/knowledge/q1857 | https://pulserevops.com/knowledge/q1802
what is salesloft net revenue retention in 2026?,2,https://pulserevops.com/knowledge/q1856 | https://pulserevops.com/knowledge/q1801
how does salesloft defend against hubspot sales hub bundling?,2,https://pulserevops.com/knowledge/q1855 | https://pulserevops.com/knowledge/q1800
who is the post-vista salesloft ceo and what is their mandate?,2,https://pulserevops.com/knowledge/q1853 | https://pulserevops.com/knowledge/q1798
how does salesloft make money in 2027?,2,https://pulserevops.com/knowledge/q1852 | https://pulserevops.com/knowledge/q1797
is salesloft cadence still relevant in 2027?,2,https://pulserevops.com/knowledge/q1851 | https://pulserevops.com/knowledge/q1796
how does salesloft compete against ai-native sequencing tools?,2,https://pulserevops.com/knowledge/q1850 | https://pulserevops.com/knowledge/q1795
can salesloft keep growing 15%+ post-vista acquisition?,2,https://pulserevops.com/knowledge/q1848 | https://pulserevops.com/knowledge/q1793
what is salesloft ai strategy in 2027?,2,https://pulserevops.com/knowledge/q1849 | https://pulserevops.com/knowledge/q1794
how is vista's playbook reshaping salesloft through 2027?,2,https://pulserevops.com/knowledge/q1847 | https://pulserevops.com/knowledge/q1792
is salesloft worth buying in 2027?,2,https://pulserevops.com/knowledge/q1846 | https://pulserevops.com/knowledge/q1791
how does salesloft hit its 2027 revenue target post-vista?,2,https://pulserevops.com/knowledge/q1844 | https://pulserevops.com/knowledge/q1789
will salesloft beat outreach in mid-market sales engagement by 2027?,2,https://pulserevops.com/knowledge/q1845 | https://pulserevops.com/knowledge/q1790