url,problem,len,value
https://pulserevops.com/,SHORT,26,Pulse RevOps — Value Added
https://pulserevops.com/knowledge/mv57,SHORT,27,Is Movies worth it in 2027?
https://pulserevops.com/knowledge/rs287,SHORT,28,Is Resorts worth it in 2027?
https://pulserevops.com/knowledge/bt416,SHORT,26,Is Boats worth it in 2027?
https://pulserevops.com/knowledge/sc516,SHORT,28,Is Schools worth it in 2027?
https://pulserevops.com/knowledge/ai441,SHORT,29,Is AI Infra worth it in 2027?
https://pulserevops.com/knowledge/sw118,SHORT,29,Is Software worth it in 2027?
https://pulserevops.com/knowledge/q19005,SHORT,24,Is Q&A worth it in 2027?
https://pulserevops.com/knowledge/pt576,SHORT,25,Is Pets worth it in 2027?
https://pulserevops.com/knowledge/ev103,SHORT,27,Is Events worth it in 2027?
https://pulserevops.com/knowledge/es353,SHORT,29,Is Espresso worth it in 2027?
https://pulserevops.com/knowledge/gm66,SHORT,27,Is Gaming worth it in 2027?
https://pulserevops.com/knowledge/tv287,SHORT,24,Is TVs worth it in 2027?
https://pulserevops.com/knowledge/cl155,SHORT,28,Is Cologne worth it in 2027?
https://pulserevops.com/knowledge/wl121,SHORT,29,Is Wellness worth it in 2027?
https://pulserevops.com/industry-kpis,SHORT,28,Industry KPIs — Pulse RevOps
https://pulserevops.com/privacy.html,SHORT,29,Privacy Policy | PULSE RevOps
https://pulserevops.com/schedule.html,LONG,68,Sales Rep Schedule Calculator · Free Coverage Planner | PULSE RevOps
https://pulserevops.com/plan-90.html,LONG,66,90-Day Revenue Plan Template — Free CRO Onboarding Roadmap | PULSE