url,title
https://pulserevops.com/knowledge/lv0030,"The 10 Best Suburbs Near Nashville, Tennessee in 2027"
https://pulserevops.com/knowledge/nl0027,Top 10 Speakeasies in Los Angeles
https://pulserevops.com/knowledge/pt0031,Top 10 Heater-Controller Combos for Tropical Tanks 2027
https://pulserevops.com/knowledge/ai0024,The 10 Best AI Tools for Podcast Editing in 2027
https://pulserevops.com/knowledge/dn0015,Top 10 Places to Dine in the Pacific Northwest
https://pulserevops.com/knowledge/pt0013,Top 10 Cooling Pet Products for Summer 2027
https://pulserevops.com/knowledge/sc0011,Top 10 Universities for Nursing in 2027
https://pulserevops.com/knowledge/sw0011,Top 10 Video Conferencing Apps for Business in 2027
https://pulserevops.com/knowledge/ev0008,The 10 Best Hip-Hop and Rap Music Festivals in 2027
https://pulserevops.com/knowledge/gm0004,The 10 Best RPGs on Nintendo Switch in 2027
https://pulserevops.com/knowledge/pt0005,Top 10 Grain-Free Cat Foods for 2027
https://pulserevops.com/knowledge/sc0003,Top 10 Public Universities in Maryland in 2027
https://pulserevops.com/knowledge/nl238,How much does Nightlife cost in 2027?
https://pulserevops.com/knowledge/tn0002,Top 10 Best Towns on Maryland's Eastern Shore
https://pulserevops.com/knowledge/mv0029,Top 10 Movies of the 1990s
https://pulserevops.com/knowledge/mv0002,Top 10 Horror Movies of All Time
https://pulserevops.com/knowledge/dn0027,Top 10 Places to Dine in Texas
https://pulserevops.com/knowledge/sw121,How do you get started with Software in 2027?
https://pulserevops.com/knowledge/tv292,How do you get started with TVs in 2027?
https://pulserevops.com/knowledge/ai0001,The 10 Best AI Tools for Animation in 2027
https://pulserevops.com/knowledge/pt0001,Top 10 Dog Breeds for Families in 2027
https://pulserevops.com/knowledge/sk105,Is Skill Drills worth it in 2027?
https://pulserevops.com/knowledge/tv0001,Top 10 Beach Destinations in the World in 2027
https://pulserevops.com/knowledge/wl0001,Top 10 Meditation Apps 2027
https://pulserevops.com/knowledge/ga142,Top 10 Gatherings strategies for 2027
https://pulserevops.com/knowledge/tl21661,Top 10 Pulse Tools strategies for 2027
https://pulserevops.com/knowledge/ai445,How much does AI Infra cost in 2027?
https://pulserevops.com/knowledge/es356,What should you know before investing in Espresso in 2027?
https://pulserevops.com/knowledge/pt580,Top 10 Pets strategies for 2027
https://pulserevops.com/knowledge/bt419,What are the most common mistakes in Boats in 2027?
https://pulserevops.com/knowledge/bo343,How much does Buildouts cost in 2027?
https://pulserevops.com/knowledge/cl160,What should you know before investing in Cologne in 2027?
https://pulserevops.com/knowledge/ev108,Top 10 best Events options in 2027
https://pulserevops.com/knowledge/rs288,Top 10 Resorts strategies for 2027
https://pulserevops.com/knowledge/tv291,What are the most common mistakes in TVs in 2027?
https://pulserevops.com/knowledge/mv58,What is the best way to approach Movies in 2027?
https://pulserevops.com/knowledge/q19008,What should you know before investing in Q&A in 2027?
https://pulserevops.com/knowledge/bo342,Top 10 best Buildouts options in 2027
https://pulserevops.com/knowledge/nl237,Top 10 best Nightlife options in 2027
https://pulserevops.com/knowledge/sk104,Top 10 Skill Drills strategies for 2027
https://pulserevops.com/knowledge/sc518,What are the most common mistakes in Schools in 2027?
https://pulserevops.com/knowledge/ev107,How much does Events cost in 2027?
https://pulserevops.com/knowledge/sw120,What are the most common mistakes in Software in 2027?
https://pulserevops.com/knowledge/ai444,What are the most common mistakes in AI Infra in 2027?
https://pulserevops.com/knowledge/tl21660,What should you know before investing in Pulse Tools in 2027?
https://pulserevops.com/knowledge/dn418,What is the best way to approach Dining in 2027?
https://pulserevops.com/knowledge/mv57,Is Movies worth it in 2027?
https://pulserevops.com/knowledge/cl159,How do you get started with Cologne in 2027?
https://pulserevops.com/knowledge/rs287,Is Resorts worth it in 2027?
https://pulserevops.com/knowledge/pt579,What should you know before investing in Pets in 2027?
https://pulserevops.com/knowledge/bt418,Top 10 Boats strategies for 2027
https://pulserevops.com/knowledge/ev106,What should you know before investing in Events in 2027?
https://pulserevops.com/knowledge/nl236,Is Nightlife worth it in 2027?
https://pulserevops.com/knowledge/mv56,How do you get started with Movies in 2027?
https://pulserevops.com/knowledge/es355,Top 10 best Espresso options in 2027
https://pulserevops.com/knowledge/cl158,What are the most common mistakes in Cologne in 2027?
https://pulserevops.com/knowledge/dn417,Top 10 Dining strategies for 2027
https://pulserevops.com/knowledge/pt578,How much does Pets cost in 2027?
https://pulserevops.com/knowledge/bt417,How do you get started with Boats in 2027?
https://pulserevops.com/knowledge/ga141,How do you get started with Gatherings in 2027?
https://pulserevops.com/knowledge/ai443,How do you get started with AI Infra in 2027?
https://pulserevops.com/knowledge/tl21659,What is the best way to approach Pulse Tools in 2027?
https://pulserevops.com/knowledge/cl157,What is the best way to approach Cologne in 2027?
https://pulserevops.com/knowledge/ev105,How do you get started with Events in 2027?
https://pulserevops.com/knowledge/tv290,Top 10 best TVs options in 2027
https://pulserevops.com/knowledge/sc517,Top 10 best Schools options in 2027
https://pulserevops.com/knowledge/sw119,How much does Software cost in 2027?
https://pulserevops.com/knowledge/q19007,Top 10 best Q&A options in 2027
https://pulserevops.com/knowledge/mv55,What are the most common mistakes in Movies in 2027?
https://pulserevops.com/knowledge/bt416,Is Boats worth it in 2027?
https://pulserevops.com/knowledge/dn416,What should you know before investing in Dining in 2027?
https://pulserevops.com/knowledge/ga140,Is Gatherings worth it in 2027?
https://pulserevops.com/knowledge/sk103,What is the best way to approach Skill Drills in 2027?
https://pulserevops.com/knowledge/tl21658,What are the most common mistakes in Pulse Tools in 2027?
https://pulserevops.com/knowledge/pt577,What are the most common mistakes in Pets in 2027?
https://pulserevops.com/knowledge/nl235,How do you get started with Nightlife in 2027?
https://pulserevops.com/knowledge/ai442,Top 10 AI Infra strategies for 2027
https://pulserevops.com/knowledge/sc516,Is Schools worth it in 2027?
https://pulserevops.com/knowledge/dn415,How much does Dining cost in 2027?
https://pulserevops.com/knowledge/tv289,Top 10 TVs strategies for 2027
https://pulserevops.com/knowledge/ai441,Is AI Infra worth it in 2027?
https://pulserevops.com/knowledge/mv54,Top 10 Movies strategies for 2027
https://pulserevops.com/knowledge/nl234,What should you know before investing in Nightlife in 2027?
https://pulserevops.com/knowledge/ga139,What should you know before investing in Gatherings in 2027?
https://pulserevops.com/knowledge/sw118,Is Software worth it in 2027?
https://pulserevops.com/knowledge/ev104,What is the best way to approach Events in 2027?
https://pulserevops.com/knowledge/q19006,How much does Q&A cost in 2027?
https://pulserevops.com/knowledge/es354,What are the most common mistakes in Espresso in 2027?
https://pulserevops.com/knowledge/tl21657,How much does Pulse Tools cost in 2027?
https://pulserevops.com/knowledge/rs286,Top 10 best Resorts options in 2027
https://pulserevops.com/knowledge/nl233,What is the best way to approach Nightlife in 2027?
https://pulserevops.com/knowledge/bt415,What is the best way to approach Boats in 2027?
https://pulserevops.com/knowledge/mv53,Top 10 best Movies options in 2027
https://pulserevops.com/knowledge/sk102,What are the most common mistakes in Skill Drills in 2027?
https://pulserevops.com/knowledge/rs285,What are the most common mistakes in Resorts in 2027?
https://pulserevops.com/knowledge/q19005,Is Q&A worth it in 2027?
https://pulserevops.com/knowledge/tv288,What is the best way to approach TVs in 2027?
https://pulserevops.com/knowledge/pt576,Is Pets worth it in 2027?
https://pulserevops.com/knowledge/cl156,How much does Cologne cost in 2027?
https://pulserevops.com/knowledge/ev103,Is Events worth it in 2027?
https://pulserevops.com/knowledge/ai440,Top 10 best AI Infra options in 2027
https://pulserevops.com/knowledge/es353,Is Espresso worth it in 2027?
https://pulserevops.com/knowledge/tl21656,Is Pulse Tools worth it in 2027?
https://pulserevops.com/knowledge/sc515,Top 10 Schools strategies for 2027
https://pulserevops.com/knowledge/sw117,Top 10 best Software options in 2027
https://pulserevops.com/knowledge/ga138,Top 10 best Gatherings options in 2027
https://pulserevops.com/knowledge/dn414,What are the most common mistakes in Dining in 2027?
https://pulserevops.com/knowledge/bo341,What are the most common mistakes in Buildouts in 2027?
https://pulserevops.com/knowledge/gm66,Is Gaming worth it in 2027?
https://pulserevops.com/knowledge/q19004,How do you get started with Q&A in 2027?
https://pulserevops.com/knowledge/gm65,What are the most common mistakes in Gaming in 2027?
https://pulserevops.com/knowledge/ev102,What are the most common mistakes in Events in 2027?
https://pulserevops.com/knowledge/es352,How do you get started with Espresso in 2027?
https://pulserevops.com/knowledge/tv287,Is TVs worth it in 2027?
https://pulserevops.com/knowledge/dn413,Top 10 best Dining options in 2027
https://pulserevops.com/knowledge/sc514,How much does Schools cost in 2027?
https://pulserevops.com/knowledge/rs284,What is the best way to approach Resorts in 2027?
https://pulserevops.com/knowledge/mv52,How much does Movies cost in 2027?
https://pulserevops.com/knowledge/ga137,What is the best way to approach Gatherings in 2027?
https://pulserevops.com/knowledge/bo340,How do you get started with Buildouts in 2027?
https://pulserevops.com/knowledge/cl155,Is Cologne worth it in 2027?
https://pulserevops.com/knowledge/pt575,Top 10 best Pets options in 2027
https://pulserevops.com/knowledge/ai439,What should you know before investing in AI Infra in 2027?
https://pulserevops.com/knowledge/tl21655,Top 10 best Pulse Tools options in 2027
https://pulserevops.com/knowledge/nl232,What are the most common mistakes in Nightlife in 2027?
https://pulserevops.com/knowledge/sk101,How do you get started with Skill Drills in 2027?
https://pulserevops.com/knowledge/bt414,What should you know before investing in Boats in 2027?
https://pulserevops.com/knowledge/cl154,Top 10 Cologne strategies for 2027
https://pulserevops.com/knowledge/tn144,Top 10 Towns strategies for 2027
https://pulserevops.com/knowledge/mv51,What should you know before investing in Movies in 2027?
https://pulserevops.com/knowledge/pt574,How do you get started with Pets in 2027?
https://pulserevops.com/knowledge/es351,How much does Espresso cost in 2027?
https://pulserevops.com/knowledge/tv286,What should you know before investing in TVs in 2027?
https://pulserevops.com/knowledge/ai438,What is the best way to approach AI Infra in 2027?
https://pulserevops.com/knowledge/ga136,What are the most common mistakes in Gatherings in 2027?
https://pulserevops.com/knowledge/sw116,What should you know before investing in Software in 2027?
https://pulserevops.com/knowledge/bt413,How much does Boats cost in 2027?
https://pulserevops.com/knowledge/dn412,How do you get started with Dining in 2027?
https://pulserevops.com/knowledge/q19003,What is the best way to approach Q&A in 2027?
https://pulserevops.com/knowledge/rs283,How do you get started with Resorts in 2027?
https://pulserevops.com/knowledge/tl21654,How do you get started with Pulse Tools in 2027?
https://pulserevops.com/knowledge/bo339,What is the best way to approach Buildouts in 2027?
https://pulserevops.com/knowledge/tn143,Top 10 best Towns options in 2027
https://pulserevops.com/knowledge/sc513,What should you know before investing in Schools in 2027?
https://pulserevops.com/knowledge/tn142,What should you know before investing in Towns in 2027?
https://pulserevops.com/knowledge/ev101,Top 10 Events strategies for 2027
https://pulserevops.com/knowledge/lv125,Top 10 Lux Vacations strategies for 2027
https://pulserevops.com/knowledge/lv124,Is Lux Vacations worth it in 2027?
https://pulserevops.com/knowledge/lv123,What are the most common mistakes in Lux Vacations in 2027?
https://pulserevops.com/knowledge/lv122,How much does Lux Vacations cost in 2027?
https://pulserevops.com/knowledge/lv121,Top 10 best Lux Vacations options in 2027
https://pulserevops.com/knowledge/lv120,What should you know before investing in Lux Vacations in 2027?
https://pulserevops.com/knowledge/lv119,How do you get started with Lux Vacations in 2027?
https://pulserevops.com/knowledge/lv118,What is the best way to approach Lux Vacations in 2027?
https://pulserevops.com/knowledge/sc512,What is the best way to approach Schools in 2027?
https://pulserevops.com/knowledge/wl121,Is Wellness worth it in 2027?
https://pulserevops.com/knowledge/wl120,What are the most common mistakes in Wellness in 2027?
https://pulserevops.com/knowledge/wl119,How much does Wellness cost in 2027?
https://pulserevops.com/knowledge/wl118,Top 10 best Wellness options in 2027
https://pulserevops.com/knowledge/wl117,What should you know before investing in Wellness in 2027?
https://pulserevops.com/knowledge/wl116,How do you get started with Wellness in 2027?
https://pulserevops.com/knowledge/wl115,What is the best way to approach Wellness in 2027?
https://pulserevops.com/knowledge/sw115,What is the best way to approach Software in 2027?
https://pulserevops.com/knowledge/mv0001,Top 10 Sci-Fi Movies of All Time
https://pulserevops.com/knowledge/ed1077,Best online therapy platforms for anxiety and depression in 2027
https://pulserevops.com/knowledge/ed1076,How do I know if my child is ready for a smartphone
https://pulserevops.com/knowledge/ed1075,Top 10 podcasts for personal growth and motivation in 2027
https://pulserevops.com/knowledge/q1878,Should 11x acquire Avoma in 2027?
https://pulserevops.com/knowledge/q1879,Outreach vs HubSpot — which should you buy?
https://pulserevops.com/knowledge/q1881,What replaces call recording if AI agents auto-summarize calls?
https://pulserevops.com/knowledge/q1876,ZoomInfo vs Datadog — which should you buy?
https://pulserevops.com/knowledge/q1877,Should Snowflake acquire Apollo in 2027?
https://pulserevops.com/knowledge/q1875,Is a HubSpot AE role still good for my career in 2027?
https://pulserevops.com/knowledge/q1874,Snowflake vs Clari — which should you buy?
https://pulserevops.com/knowledge/q1873,What replaces cold outbound if AI agents handle outbound?
https://pulserevops.com/knowledge/q1872,Workato vs 11x — which should you buy?
https://pulserevops.com/knowledge/q1871,Should ZoomInfo acquire Apollo in 2027?
https://pulserevops.com/knowledge/q1870,What replaces RevOps stack if AI agents replace SDRs natively?
https://pulserevops.com/knowledge/q1868,Should Clari acquire Drift in 2027?
https://pulserevops.com/knowledge/q1867,Is a Datadog AE role still good for my career in 2027?
https://pulserevops.com/knowledge/q1865,Should Salesloft acquire a video tool in 2027?
https://pulserevops.com/knowledge/q1864,What is Salesloft gross margin trajectory through 2028?
https://pulserevops.com/knowledge/q1860,Is Salesloft Pipeline AI worth buying vs Clari?
https://pulserevops.com/knowledge/q1858,What should Salesloft do about the Drift acquisition value?
https://pulserevops.com/knowledge/q1857,How does Salesloft win the HubSpot CRM customer base?
https://pulserevops.com/knowledge/q1856,What is Salesloft net revenue retention in 2026?
https://pulserevops.com/knowledge/q1855,How does Salesloft defend against HubSpot Sales Hub bundling?
https://pulserevops.com/knowledge/q1853,Who is the post-Vista Salesloft CEO and what is their mandate?
https://pulserevops.com/knowledge/q1854,Salesloft vs Outreach - which should you buy?
https://pulserevops.com/knowledge/q1852,How does Salesloft make money in 2027?
https://pulserevops.com/knowledge/q1851,Is Salesloft Cadence still relevant in 2027?
https://pulserevops.com/knowledge/q1850,How does Salesloft compete against AI-native sequencing tools?
https://pulserevops.com/knowledge/q1849,What is Salesloft AI strategy in 2027?
https://pulserevops.com/knowledge/q1848,Can Salesloft keep growing 15%+ post-Vista acquisition?
https://pulserevops.com/knowledge/q1847,How is Vista's playbook reshaping Salesloft through 2027?
https://pulserevops.com/knowledge/q1846,Is Salesloft worth buying in 2027?
https://pulserevops.com/knowledge/q1844,How does Salesloft hit its 2027 revenue target post-Vista?
https://pulserevops.com/knowledge/q1843,What does Salesloft churn math look like under Vista pressure?
https://pulserevops.com/knowledge/q1842,How does Salesloft onboarding compare to Outreach?
https://pulserevops.com/knowledge/q1840,How does Salesloft API strategy compare to Outreach?
https://pulserevops.com/knowledge/q1841,Is Salesloft mobile app good enough in 2027?
https://pulserevops.com/knowledge/q1838,What is the bear case for Salesloft 2027?
https://pulserevops.com/knowledge/q1839,What is the bull case for Salesloft 2027?
https://pulserevops.com/knowledge/q1837,Should Salesloft acquire Apollo to compete in lead-gen?
https://pulserevops.com/knowledge/q1836,Should Salesloft acquire Lavender to win AI email?
https://pulserevops.com/knowledge/q1835,What is Salesloft M&A strategy under Vista through 2028?
https://pulserevops.com/knowledge/q1834,Is Salesloft Cadence still strategic in 2027?
https://pulserevops.com/knowledge/q1833,How does Vista exit Salesloft — IPO or strategic acquisition?
https://pulserevops.com/knowledge/q1832,What is Salesloft right org structure post-Vista in 2027?
https://pulserevops.com/knowledge/q1830,Should Salesloft pivot from sequencing to AI orchestration?
https://pulserevops.com/knowledge/q1829,What replaces Salesloft Cadence if AI agents handle outbound?
https://pulserevops.com/knowledge/q1828,How should Salesloft rethink its sequencing thesis for AI buyers?
https://pulserevops.com/knowledge/q1827,What is Salesloft enterprise win-rate vs Outreach in 2026?
https://pulserevops.com/knowledge/q1825,How does Salesloft pay its sales team post-Vista?
https://pulserevops.com/knowledge/q1826,Is Salesloft pricing model broken at the bottom?
https://pulserevops.com/knowledge/q1824,Will Salesloft AEs hit quota in 2027?
https://pulserevops.com/knowledge/q1823,What is Salesloft RevOps career path?
https://pulserevops.com/knowledge/q1821,Should I learn Salesloft or Outreach in 2027?
https://pulserevops.com/knowledge/q1822,Is Salesloft certification worth it in 2027?
https://pulserevops.com/knowledge/q1820,Is a Salesloft AE role still good for my career in 2027?
https://pulserevops.com/knowledge/q1819,Should I work for Salesloft post-Vista in 2027?
https://pulserevops.com/knowledge/q1817,Why is Salesloft losing AE talent to AI-native competitors?
https://pulserevops.com/knowledge/q1818,What does Salesloft 2024 Vista RIF tell us about 2027?
https://pulserevops.com/knowledge/q1816,How does Salesloft defend its integration ecosystem?
https://pulserevops.com/knowledge/q1815,What is Salesloft data-center strategy through 2027?
https://pulserevops.com/knowledge/q1814,Should Salesloft kill its mobile app?
https://pulserevops.com/knowledge/q1813,How does Salesloft ARPU change post-Vista discount strategy?
https://pulserevops.com/knowledge/q1811,How does Salesloft price Cadence + Drift bundle in 2026?
https://pulserevops.com/knowledge/q1812,Should Salesloft launch a vertical-revenue sub-brand?
https://pulserevops.com/knowledge/q1810,Why did Vista acquire Salesloft for $2.3B?
https://pulserevops.com/knowledge/q1809,What is Salesloft competitive moat against Outreach + Apollo?
https://pulserevops.com/knowledge/q1807,What is Salesloft gross margin trajectory through 2028?
https://pulserevops.com/knowledge/q1808,Should Salesloft acquire a video tool in 2027?
https://pulserevops.com/knowledge/q1805,Is Salesloft Pipeline AI worth buying vs Clari?
https://pulserevops.com/knowledge/q1803,What should Salesloft do about the Drift acquisition value?
https://pulserevops.com/knowledge/q1802,How does Salesloft win the HubSpot CRM customer base?
https://pulserevops.com/knowledge/q1801,What is Salesloft net revenue retention in 2026?
https://pulserevops.com/knowledge/q1800,How does Salesloft defend against HubSpot Sales Hub bundling?
https://pulserevops.com/knowledge/q1799,Salesloft vs Outreach — which should you buy?
https://pulserevops.com/knowledge/q1798,Who is the post-Vista Salesloft CEO and what is their mandate?
https://pulserevops.com/knowledge/q1797,How does Salesloft make money in 2027?
https://pulserevops.com/knowledge/q1795,How does Salesloft compete against AI-native sequencing tools?
https://pulserevops.com/knowledge/q1796,Is Salesloft Cadence still relevant in 2027?
https://pulserevops.com/knowledge/q1794,What is Salesloft AI strategy in 2027?
https://pulserevops.com/knowledge/q1793,Can Salesloft keep growing 15%+ post-Vista acquisition?
https://pulserevops.com/knowledge/q1792,How is Vista's playbook reshaping Salesloft through 2027?
https://pulserevops.com/knowledge/q1791,Is Salesloft worth buying in 2027?
https://pulserevops.com/knowledge/q1789,How does Salesloft hit its 2027 revenue target post-Vista?
https://pulserevops.com/knowledge/q1788,What is Outreach playbook for the next $500M in revenue?
https://pulserevops.com/knowledge/q1787,How does Outreach retain CRO talent in 2027?
https://pulserevops.com/knowledge/q1786,What is Outreach developer-platform strategy through 2027?
https://pulserevops.com/knowledge/q1785,Should Outreach launch its own AI agent marketplace?
https://pulserevops.com/knowledge/q1783,What does Outreach churn math look like under AI pressure?
https://pulserevops.com/knowledge/q1782,How does Outreach onboarding compare to Salesloft?
https://pulserevops.com/knowledge/q1781,Is Outreach mobile app good enough in 2027?
https://pulserevops.com/knowledge/q1779,What is the bull case for Outreach 2027?
https://pulserevops.com/knowledge/q1778,What is the bear case for Outreach 2027?
https://pulserevops.com/knowledge/q1780,How does Outreach API strategy compare to Salesloft?
https://pulserevops.com/knowledge/q1777,Should Outreach acquire Apollo to compete in lead-gen?
https://pulserevops.com/knowledge/q1775,What is Outreach M&A strategy through 2028?
https://pulserevops.com/knowledge/q1776,Should Outreach acquire Lavender to win AI email?
https://pulserevops.com/knowledge/q1774,Should Outreach sell to private equity?
https://pulserevops.com/knowledge/q1773,What is Outreach right org structure in 2027?
https://pulserevops.com/knowledge/q1769,How should Outreach rethink its sequencing thesis for AI buyers?
https://pulserevops.com/knowledge/q1771,Should Outreach pivot from sequencing to agent-orchestration?
https://pulserevops.com/knowledge/q1772,How does Outreach protect ARPU from churn in a recession?
https://pulserevops.com/knowledge/q1770,What replaces sales sequences if AI agents handle outbound?
https://pulserevops.com/knowledge/q1768,What is Outreach enterprise win-rate vs Salesloft in 2026?
https://pulserevops.com/knowledge/q1767,Is Outreach pricing model broken at the bottom?
https://pulserevops.com/knowledge/q1766,How does Outreach pay its sales team?
https://pulserevops.com/knowledge/q1765,Will Outreach AEs hit quota in 2027?
https://pulserevops.com/knowledge/q1764,What is Outreach RevOps career path?
https://pulserevops.com/knowledge/q1763,Is Outreach certification worth it in 2027?
https://pulserevops.com/knowledge/q1762,Should I learn Outreach or Salesloft in 2027?
https://pulserevops.com/knowledge/q1761,Is an Outreach AE role still good for my career in 2027?
https://pulserevops.com/knowledge/q1759,What does Outreach 2024 RIF tell us about 2027?
https://pulserevops.com/knowledge/q1760,Should I work for Outreach in 2027?
https://pulserevops.com/knowledge/q1758,Why is Outreach losing AE talent to AI-native competitors?
https://pulserevops.com/knowledge/q1757,How does Outreach defend its integration ecosystem?
https://pulserevops.com/knowledge/q1756,What is Outreach data-center strategy through 2027?
https://pulserevops.com/knowledge/q1755,Should Outreach kill its mobile app?
https://pulserevops.com/knowledge/q1754,Is Outreach Sequences still strategic in 2027?
https://pulserevops.com/knowledge/q1753,How does Outreach ARPU change post-AI rollout?
https://pulserevops.com/knowledge/q1752,Should Outreach launch a vertical-revenue sub-brand?
https://pulserevops.com/knowledge/q1750,Why did Outreach's valuation drop from $4.4B to $2-3B?
https://pulserevops.com/knowledge/q1749,What is Outreach competitive moat against Salesloft + Apollo?
https://pulserevops.com/knowledge/q1748,Should Outreach acquire a Loom-equivalent in 2027?
https://pulserevops.com/knowledge/q1747,What is Outreach gross margin trajectory through 2028?
https://pulserevops.com/knowledge/q1745,Is Outreach Commit forecasting worth buying?
https://pulserevops.com/knowledge/q1746,How does Outreach grow internationally without burning margin?
https://pulserevops.com/knowledge/q1744,Will Outreach Kaia win conversation intelligence vs Gong?
https://pulserevops.com/knowledge/q1743,What should Outreach do about sequence-fatigue stagnation?
https://pulserevops.com/knowledge/q1742,How does Outreach upmarket without losing mid-market?
https://pulserevops.com/knowledge/q1741,What is Outreach net revenue retention in 2026?
https://pulserevops.com/knowledge/q1739,Outreach vs Salesloft — which should you buy?
https://pulserevops.com/knowledge/q1740,How does Outreach defend against HubSpot Sales Hub bundling?
https://pulserevops.com/knowledge/q1738,Why is Manny Medina's job on the line in 2027?
https://pulserevops.com/knowledge/q1736,Is Outreach Smart Email Assist working?
https://pulserevops.com/knowledge/q1737,How does Outreach make money in 2027?
https://pulserevops.com/knowledge/q1735,How does Outreach compete against AI-native sequencing tools?
https://pulserevops.com/knowledge/q1733,Can Outreach keep growing 20%+ into 2027?
https://pulserevops.com/knowledge/q1734,What is Outreach AI strategy in 2027?
https://pulserevops.com/knowledge/q1732,Why did Outreach growth slow in 2024-25?
https://pulserevops.com/knowledge/q1731,Is Outreach worth buying in 2027?
https://pulserevops.com/knowledge/q1730,Will Outreach beat Salesloft in sales engagement by 2027?
https://pulserevops.com/knowledge/q1729,How does Outreach hit its 2027 revenue target?
https://pulserevops.com/knowledge/q1727,How does Datadog retain CRO talent in 2027?
https://pulserevops.com/knowledge/q1726,What is Datadog developer-platform strategy through 2027?
https://pulserevops.com/knowledge/q1728,What is Datadog playbook for the next $5B in revenue?