url,id
https://pulserevops.com/knowledge/sk105,sk105
https://pulserevops.com/knowledge/ga142,ga142
https://pulserevops.com/knowledge/tl21661,tl21661
https://pulserevops.com/knowledge/ai445,ai445
https://pulserevops.com/knowledge/es356,es356
https://pulserevops.com/knowledge/pt580,pt580
https://pulserevops.com/knowledge/bt419,bt419
https://pulserevops.com/knowledge/bo343,bo343
https://pulserevops.com/knowledge/cl160,cl160
https://pulserevops.com/knowledge/ev108,ev108
https://pulserevops.com/knowledge/rs288,rs288
https://pulserevops.com/knowledge/tv291,tv291
https://pulserevops.com/knowledge/mv58,mv58
https://pulserevops.com/knowledge/q19008,q19008
https://pulserevops.com/knowledge/bo342,bo342
https://pulserevops.com/knowledge/nl237,nl237
https://pulserevops.com/knowledge/sk104,sk104
https://pulserevops.com/knowledge/sc518,sc518
https://pulserevops.com/knowledge/ev107,ev107
https://pulserevops.com/knowledge/sw120,sw120
https://pulserevops.com/knowledge/ai444,ai444
https://pulserevops.com/knowledge/tl21660,tl21660
https://pulserevops.com/knowledge/dn418,dn418
https://pulserevops.com/knowledge/mv57,mv57
https://pulserevops.com/knowledge/cl159,cl159
https://pulserevops.com/knowledge/rs287,rs287
https://pulserevops.com/knowledge/pt579,pt579
https://pulserevops.com/knowledge/bt418,bt418
https://pulserevops.com/knowledge/ev106,ev106
https://pulserevops.com/knowledge/nl236,nl236
https://pulserevops.com/knowledge/mv56,mv56
https://pulserevops.com/knowledge/es355,es355
https://pulserevops.com/knowledge/cl158,cl158
https://pulserevops.com/knowledge/dn417,dn417
https://pulserevops.com/knowledge/pt578,pt578
https://pulserevops.com/knowledge/bt417,bt417
https://pulserevops.com/knowledge/ga141,ga141
https://pulserevops.com/knowledge/ai443,ai443
https://pulserevops.com/knowledge/tl21659,tl21659
https://pulserevops.com/knowledge/cl157,cl157
https://pulserevops.com/knowledge/ev105,ev105
https://pulserevops.com/knowledge/tv290,tv290
https://pulserevops.com/knowledge/sc517,sc517
https://pulserevops.com/knowledge/sw119,sw119
https://pulserevops.com/knowledge/q19007,q19007
https://pulserevops.com/knowledge/bt416,bt416
https://pulserevops.com/knowledge/dn416,dn416
https://pulserevops.com/knowledge/ga140,ga140
https://pulserevops.com/knowledge/sk103,sk103
https://pulserevops.com/knowledge/tl21658,tl21658
https://pulserevops.com/knowledge/pt577,pt577
https://pulserevops.com/knowledge/nl235,nl235
https://pulserevops.com/knowledge/ai442,ai442
https://pulserevops.com/knowledge/sc516,sc516
https://pulserevops.com/knowledge/dn415,dn415
https://pulserevops.com/knowledge/tv289,tv289
https://pulserevops.com/knowledge/ai441,ai441
https://pulserevops.com/knowledge/mv54,mv54
https://pulserevops.com/knowledge/nl234,nl234
https://pulserevops.com/knowledge/ga139,ga139
https://pulserevops.com/knowledge/sw118,sw118
https://pulserevops.com/knowledge/ev104,ev104
https://pulserevops.com/knowledge/q19006,q19006
https://pulserevops.com/knowledge/es354,es354
https://pulserevops.com/knowledge/tl21657,tl21657
https://pulserevops.com/knowledge/rs286,rs286
https://pulserevops.com/knowledge/nl233,nl233
https://pulserevops.com/knowledge/bt415,bt415
https://pulserevops.com/knowledge/sk102,sk102
https://pulserevops.com/knowledge/rs285,rs285
https://pulserevops.com/knowledge/q19005,q19005
https://pulserevops.com/knowledge/tv288,tv288
https://pulserevops.com/knowledge/pt576,pt576
https://pulserevops.com/knowledge/cl156,cl156
https://pulserevops.com/knowledge/ev103,ev103
https://pulserevops.com/knowledge/ai440,ai440
https://pulserevops.com/knowledge/es353,es353
https://pulserevops.com/knowledge/tl21656,tl21656
https://pulserevops.com/knowledge/sc515,sc515
https://pulserevops.com/knowledge/sw117,sw117
https://pulserevops.com/knowledge/ga138,ga138
https://pulserevops.com/knowledge/dn414,dn414
https://pulserevops.com/knowledge/bo341,bo341
https://pulserevops.com/knowledge/gm66,gm66
https://pulserevops.com/knowledge/q19004,q19004
https://pulserevops.com/knowledge/ev102,ev102
https://pulserevops.com/knowledge/es352,es352
https://pulserevops.com/knowledge/tv287,tv287
https://pulserevops.com/knowledge/dn413,dn413
https://pulserevops.com/knowledge/sc514,sc514
https://pulserevops.com/knowledge/rs284,rs284
https://pulserevops.com/knowledge/ga137,ga137
https://pulserevops.com/knowledge/bo340,bo340
https://pulserevops.com/knowledge/cl155,cl155
https://pulserevops.com/knowledge/pt575,pt575
https://pulserevops.com/knowledge/ai439,ai439
https://pulserevops.com/knowledge/tl21655,tl21655
https://pulserevops.com/knowledge/nl232,nl232
https://pulserevops.com/knowledge/sk101,sk101
https://pulserevops.com/knowledge/bt414,bt414
https://pulserevops.com/knowledge/cl154,cl154
https://pulserevops.com/knowledge/tn144,tn144
https://pulserevops.com/knowledge/mv51,mv51
https://pulserevops.com/knowledge/pt574,pt574
https://pulserevops.com/knowledge/es351,es351
https://pulserevops.com/knowledge/tv286,tv286
https://pulserevops.com/knowledge/ai438,ai438
https://pulserevops.com/knowledge/ga136,ga136
https://pulserevops.com/knowledge/sw116,sw116
https://pulserevops.com/knowledge/bt413,bt413
https://pulserevops.com/knowledge/dn412,dn412
https://pulserevops.com/knowledge/q19003,q19003
https://pulserevops.com/knowledge/rs283,rs283
https://pulserevops.com/knowledge/tl21654,tl21654
https://pulserevops.com/knowledge/bo339,bo339
https://pulserevops.com/knowledge/tn143,tn143
https://pulserevops.com/knowledge/sc513,sc513
https://pulserevops.com/knowledge/tn142,tn142
https://pulserevops.com/knowledge/ev101,ev101
https://pulserevops.com/knowledge/lv125,lv125
https://pulserevops.com/knowledge/lv124,lv124
https://pulserevops.com/knowledge/lv123,lv123
https://pulserevops.com/knowledge/lv122,lv122
https://pulserevops.com/knowledge/lv121,lv121
https://pulserevops.com/knowledge/lv120,lv120
https://pulserevops.com/knowledge/lv119,lv119
https://pulserevops.com/knowledge/lv118,lv118
https://pulserevops.com/knowledge/sc512,sc512
https://pulserevops.com/knowledge/wl121,wl121
https://pulserevops.com/knowledge/wl120,wl120
https://pulserevops.com/knowledge/wl119,wl119
https://pulserevops.com/knowledge/wl118,wl118
https://pulserevops.com/knowledge/wl117,wl117
https://pulserevops.com/knowledge/wl116,wl116
https://pulserevops.com/knowledge/wl115,wl115
https://pulserevops.com/knowledge/sw115,sw115
https://pulserevops.com/knowledge/ed1079,ed1079
https://pulserevops.com/knowledge/ed1078,ed1078
https://pulserevops.com/knowledge/ed1077,ed1077
https://pulserevops.com/knowledge/ed1076,ed1076
https://pulserevops.com/knowledge/ed1075,ed1075