url,ms
https://pulserevops.com/knowledge/dn0395,3395
https://pulserevops.com/knowledge/dn0389,3047
https://pulserevops.com/knowledge/dn0397,2812
https://pulserevops.com/tools/crm-beats,670
https://pulserevops.com/knowledge/q1880,646
https://pulserevops.com/tools/coaching,641
https://pulserevops.com/knowledge/dn0399,598
https://pulserevops.com/knowledge/q1736,552
https://pulserevops.com/knowledge/dn0380,551
https://pulserevops.com/tools/90-day-revenue-plan,536
https://pulserevops.com/tools/crm-forecast,536
https://pulserevops.com/knowledge/dn0387,531
https://pulserevops.com/knowledge/dn0382,476
https://pulserevops.com/tools/crm-deals,476
https://pulserevops.com/knowledge/q1809,463
https://pulserevops.com/knowledge/cg1045,446
https://pulserevops.com/knowledge/cl0118,445
https://pulserevops.com/,435
https://pulserevops.com/knowledge/wl0111,424
https://pulserevops.com/knowledge/q1881,422
https://pulserevops.com/knowledge/q1867,416
https://pulserevops.com/knowledge/q1874,415
https://pulserevops.com/knowledge/q1769,414
https://pulserevops.com/knowledge/cl0150,413
https://pulserevops.com/knowledge/q1871,408
https://pulserevops.com/knowledge/q1724,406
https://pulserevops.com/knowledge/q1861,401
https://pulserevops.com/knowledge/q1795,392
https://pulserevops.com/knowledge/q1879,386
https://pulserevops.com/knowledge/q1882,385
https://pulserevops.com/knowledge/q1869,384
https://pulserevops.com/knowledge/cg1018,383
https://pulserevops.com/knowledge/q1876,380
https://pulserevops.com/knowledge/q1873,380
https://pulserevops.com/knowledge/q1763,368
https://pulserevops.com/knowledge/q1826,367
https://pulserevops.com/knowledge/q1872,354
https://pulserevops.com/knowledge/dn0396,339
https://pulserevops.com/knowledge/dn0379,336
https://pulserevops.com/knowledge/cg1013,334
https://pulserevops.com/knowledge/q1771,331
https://pulserevops.com/knowledge/q1860,330
https://pulserevops.com/knowledge/q1875,329
https://pulserevops.com/knowledge/q1862,329
https://pulserevops.com/knowledge/cl0153,326
https://pulserevops.com/knowledge/q1855,326
https://pulserevops.com/knowledge/cg0968,323
https://pulserevops.com/knowledge/q1725,323
https://pulserevops.com/knowledge/q1776,322
https://pulserevops.com/knowledge/cg1015,321