url,inlinks
https://pulserevops.com/,50
https://pulserevops.com/knowledge/dn418,50
https://pulserevops.com/knowledge/dn417,50
https://pulserevops.com/knowledge/dn416,50
https://pulserevops.com/knowledge/dn415,50
https://pulserevops.com/knowledge/dn414,50
https://pulserevops.com/knowledge/dn413,50
https://pulserevops.com/knowledge.html,50
https://pulserevops.com/themachine,50
https://pulserevops.com/knowledge/ev103,46
https://pulserevops.com/knowledge/rs288,42
https://pulserevops.com/knowledge/es354,42
https://pulserevops.com/knowledge/dn412,42
https://pulserevops.com/knowledge/tl21661,41
https://pulserevops.com/knowledge/rs285,41
https://pulserevops.com/knowledge/ai440,41
https://pulserevops.com/knowledge/gm69,40
https://pulserevops.com/knowledge/bt417,40
https://pulserevops.com/knowledge/ga140,40
https://pulserevops.com/knowledge/ai442,40
https://pulserevops.com/knowledge/cl160,39
https://pulserevops.com/knowledge/cl159,39
https://pulserevops.com/knowledge/cl158,39
https://pulserevops.com/knowledge/pt577,39
https://pulserevops.com/knowledge/tl21659,38
https://pulserevops.com/knowledge/mv52,38
https://pulserevops.com/knowledge/gm64,38
https://pulserevops.com/knowledge/bo342,37
https://pulserevops.com/knowledge/bt418,37
https://pulserevops.com/knowledge/gm66,37
https://pulserevops.com/knowledge/sc514,37
https://pulserevops.com/knowledge/pt574,37
https://pulserevops.com/knowledge/ed1079,37
https://pulserevops.com/knowledge/ed1078,37
https://pulserevops.com/knowledge/ed1077,37
https://pulserevops.com/knowledge/ed1076,37
https://pulserevops.com/knowledge/ed1074,37
https://pulserevops.com/knowledge/ed1075,37
https://pulserevops.com/knowledge/ed1071,37
https://pulserevops.com/knowledge/ed1072,37
https://pulserevops.com/knowledge/ed1073,37
https://pulserevops.com/knowledge/ed1070,37
https://pulserevops.com/knowledge/sk105,36
https://pulserevops.com/knowledge/bt419,36
https://pulserevops.com/knowledge/ev105,36
https://pulserevops.com/knowledge/mv53,36
https://pulserevops.com/knowledge/gm65,36
https://pulserevops.com/knowledge/pt575,36
https://pulserevops.com/knowledge/mv58,35
https://pulserevops.com/knowledge/nl237,35