url,pillar,slots_total,slots_fixed,slots_skipped,flags,action_taken
"/knowledge/ce0020","ce","13","0","13","","IMAGE_PASS"
"/knowledge/ce0018","ce","5","0","5","","IMAGE_PASS"
"/knowledge/ce0016","ce","5","0","5","","IMAGE_PASS"
"/knowledge/ce0015","ce","4","0","4","","IMAGE_PASS"
"/knowledge/ce0014","ce","5","1","4","HOTLINKED","IMAGE_PASS"
"/knowledge/ce0012","ce","5","0","5","","IMAGE_PASS"
"/knowledge/ce0007","ce","5","0","5","","IMAGE_PASS"
"/knowledge/ce0005","ce","4","0","4","","IMAGE_PASS"
"/knowledge/ce0004","ce","4","0","4","","IMAGE_PASS"
"/knowledge/ce0003","ce","4","1","3","HOTLINKED","IMAGE_PASS"
"/knowledge/fs0034","fs","4","0","4","","IMAGE_PASS"
"/knowledge/fs0033","fs","5","0","5","","IMAGE_PASS"
"/knowledge/fs0032","fs","5","0","5","","IMAGE_PASS"
"/knowledge/fs0031","fs","4","0","4","","IMAGE_PASS"
"/knowledge/fs0030","fs","4","0","3","UNRESOLVED","UNRESOLVED"
"/knowledge/fs0034","fs","4","0","4","","IMAGE_PASS"
"/knowledge/fs0033","fs","5","0","5","","IMAGE_PASS"
"/knowledge/fs0032","fs","5","0","5","","IMAGE_PASS"
"/knowledge/fs0031","fs","4","0","4","","IMAGE_PASS"
"/knowledge/fs0030","fs","4","1","3","","IMAGE_PASS"
"/knowledge/fs0029","fs","4","3","1","STANDARD","IMAGE_PASS"
"/knowledge/fs0028","fs","5","4","0","UNRESOLVED|HOTLINKED","UNRESOLVED|HOTLINKED"
"/knowledge/fs0027","fs","4","4","0","HOTLINKED","IMAGE_PASS"
"/knowledge/fs0026","fs","5","5","0","HOTLINKED","IMAGE_PASS"
"/knowledge/fs0025","fs","4","4","0","HOTLINKED","IMAGE_PASS"
"/knowledge/fs0024","fs","4","4","0","HOTLINKED","IMAGE_PASS"
"/knowledge/fs0023","fs","6","6","0","HOTLINKED","IMAGE_PASS"
"/knowledge/fs0022","fs","4","4","0","HOTLINKED","IMAGE_PASS"
"/knowledge/fs0021","fs","4","4","0","HOTLINKED","IMAGE_PASS"
"/knowledge/fs0020","fs","4","4","0","HOTLINKED|STANDARD","IMAGE_PASS"
"/knowledge/fs0019","fs","4","4","0","HOTLINKED","IMAGE_PASS"
"/knowledge/fs0018","fs","4","4","0","HOTLINKED","IMAGE_PASS"
"/knowledge/fs0017","fs","4","3","0","HOTLINKED|UNRESOLVED|STANDARD","HOTLINKED|UNRESOLVED|STANDARD"
"/knowledge/fs0016","fs","4","3","0","UNRESOLVED|HOTLINKED","UNRESOLVED|HOTLINKED"
"/knowledge/fs0015","fs","5","4","0","UNRESOLVED|HOTLINKED","UNRESOLVED|HOTLINKED"
"/knowledge/fs0014","fs","5","4","0","HOTLINKED|UNRESOLVED","HOTLINKED|UNRESOLVED"
"/knowledge/fs0013","fs","5","5","0","HOTLINKED","IMAGE_PASS"
"/knowledge/fs0012","fs","5","3","0","UNRESOLVED|STANDARD|HOTLINKED","UNRESOLVED|STANDARD|HOTLINKED"
"/knowledge/fs0011","fs","4","3","0","HOTLINKED|UNRESOLVED","HOTLINKED|UNRESOLVED"
"/knowledge/fs0010","fs","5","3","0","UNRESOLVED|HOTLINKED","UNRESOLVED|HOTLINKED"
"/knowledge/fs0009","fs","4","2","0","UNRESOLVED|HOTLINKED","UNRESOLVED|HOTLINKED"
"/knowledge/fs0008","fs","4","2","0","UNRESOLVED|HOTLINKED","UNRESOLVED|HOTLINKED"
"/knowledge/fs0007","fs","4","2","0","UNRESOLVED|HOTLINKED","UNRESOLVED|HOTLINKED"
"/knowledge/fs0006","fs","6","4","0","UNRESOLVED|HOTLINKED","UNRESOLVED|HOTLINKED"
"/knowledge/fs0005","fs","4","4","0","STANDARD","IMAGE_PASS"
"/knowledge/fs0004","fs","4","3","0","HOTLINKED|UNRESOLVED","HOTLINKED|UNRESOLVED"
"/knowledge/fs0003","fs","4","4","0","HOTLINKED","IMAGE_PASS"
"/knowledge/fs0002","fs","5","5","0","HOTLINKED","IMAGE_PASS"
"/knowledge/fs0001","fs","6","5","0","HOTLINKED|STANDARD|UNRESOLVED","HOTLINKED|STANDARD|UNRESOLVED"
"/knowledge/mv0051","mv","4","3","1","HOTLINKED","IMAGE_PASS"
"/knowledge/mv0050","mv","4","4","0","HOTLINKED","IMAGE_PASS"
"/knowledge/mv0049","mv","4","4","0","HOTLINKED","IMAGE_PASS"
"/knowledge/mv0048","mv","4","4","0","HOTLINKED","IMAGE_PASS"
"/knowledge/mv0047","mv","4","4","0","HOTLINKED","IMAGE_PASS"
"/knowledge/mv0046","mv","4","4","0","HOTLINKED","IMAGE_PASS"
"/knowledge/mv0045","mv","4","3","0","HOTLINKED|UNRESOLVED","HOTLINKED|UNRESOLVED"
"/knowledge/mv0044","mv","4","4","0","HOTLINKED","IMAGE_PASS"
"/knowledge/mv0043","mv","4","4","0","HOTLINKED","IMAGE_PASS"
"/knowledge/mv0042","mv","4","4","0","HOTLINKED","IMAGE_PASS"
"/knowledge/mv0041","mv","4","3","0","HOTLINKED|UNRESOLVED","HOTLINKED|UNRESOLVED"
"/knowledge/mv0040","mv","4","3","0","HOTLINKED|UNRESOLVED","HOTLINKED|UNRESOLVED"
"/knowledge/mv0039","mv","4","3","0","HOTLINKED|UNRESOLVED","HOTLINKED|UNRESOLVED"
"/knowledge/mv0038","mv","4","3","0","HOTLINKED|UNRESOLVED","HOTLINKED|UNRESOLVED"
"/knowledge/mv0037","mv","4","3","0","HOTLINKED|UNRESOLVED","HOTLINKED|UNRESOLVED"
"/knowledge/mv0036","mv","4","4","0","HOTLINKED","IMAGE_PASS"
"/knowledge/mv0035","mv","4","3","0","HOTLINKED|UNRESOLVED","HOTLINKED|UNRESOLVED"
"/knowledge/mv0034","mv","4","3","0","HOTLINKED|UNRESOLVED","HOTLINKED|UNRESOLVED"
"/knowledge/mv0033","mv","4","4","0","HOTLINKED","IMAGE_PASS"
"/knowledge/mv0032","mv","4","3","0","HOTLINKED|UNRESOLVED","HOTLINKED|UNRESOLVED"
"/knowledge/mv0031","mv","4","4","0","HOTLINKED","IMAGE_PASS"
"/knowledge/mv0051","mv","4","0","4","","IMAGE_PASS"
"/knowledge/mv0050","mv","4","0","4","","IMAGE_PASS"
"/knowledge/mv0049","mv","4","0","4","","IMAGE_PASS"
"/knowledge/mv0048","mv","4","0","4","","IMAGE_PASS"
"/knowledge/mv0047","mv","4","0","4","","IMAGE_PASS"
"/knowledge/mv0046","mv","4","0","4","","IMAGE_PASS"
"/knowledge/mv0045","mv","4","0","3","HOTLINKED|UNRESOLVED","HOTLINKED|UNRESOLVED"
"/knowledge/mv0044","mv","4","0","4","","IMAGE_PASS"
"/knowledge/mv0043","mv","4","0","4","","IMAGE_PASS"
"/knowledge/mv0042","mv","4","0","4","","IMAGE_PASS"
"/knowledge/mv0051","mv","4","0","4","","IMAGE_PASS"
"/knowledge/mv0050","mv","4","0","4","","IMAGE_PASS"
"/knowledge/mv0049","mv","4","0","4","","IMAGE_PASS"
"/knowledge/mv0048","mv","4","0","4","","IMAGE_PASS"
"/knowledge/mv0047","mv","4","0","4","","IMAGE_PASS"
"/knowledge/mv0046","mv","4","0","4","","IMAGE_PASS"
"/knowledge/mv0041","mv","4","0","3","HOTLINKED|UNRESOLVED","HOTLINKED|UNRESOLVED"
"/knowledge/mv0045","mv","4","0","3","HOTLINKED|UNRESOLVED","HOTLINKED|UNRESOLVED"
"/knowledge/mv0044","mv","4","0","4","","IMAGE_PASS"
"/knowledge/mv0043","mv","4","0","4","","IMAGE_PASS"
"/knowledge/mv0042","mv","4","0","4","","IMAGE_PASS"
"/knowledge/mv0040","mv","4","0","3","HOTLINKED|UNRESOLVED","HOTLINKED|UNRESOLVED"
"/knowledge/mv0051","mv","4","0","4","","IMAGE_PASS"
"/knowledge/mv0050","mv","4","0","4","","IMAGE_PASS"
"/knowledge/mv0049","mv","4","0","4","","IMAGE_PASS"
"/knowledge/mv0048","mv","4","0","4","","IMAGE_PASS"
"/knowledge/mv0047","mv","4","0","4","","IMAGE_PASS"
"/knowledge/mv0046","mv","4","0","4","","IMAGE_PASS"
"/knowledge/mv0045","mv","4","0","3","HOTLINKED|UNRESOLVED","HOTLINKED|UNRESOLVED"
"/knowledge/mv0044","mv","4","0","4","","IMAGE_PASS"
"/knowledge/mv0043","mv","4","0","4","","IMAGE_PASS"
"/knowledge/mv0042","mv","4","0","4","","IMAGE_PASS"
"/knowledge/mv0051","mv","4","0","4","","IMAGE_PASS"
"/knowledge/mv0050","mv","4","0","4","","IMAGE_PASS"
"/knowledge/mv0049","mv","4","0","4","","IMAGE_PASS"
"/knowledge/mv0048","mv","4","0","4","","IMAGE_PASS"
"/knowledge/mv0047","mv","4","0","4","","IMAGE_PASS"
"/knowledge/mv0046","mv","4","0","4","","IMAGE_PASS"
"/knowledge/mv0041","mv","4","1","3","HOTLINKED","IMAGE_PASS"
"/knowledge/mv0045","mv","4","0","3","HOTLINKED|UNRESOLVED","HOTLINKED|UNRESOLVED"
"/knowledge/mv0044","mv","4","0","4","","IMAGE_PASS"
"/knowledge/mv0043","mv","4","0","4","","IMAGE_PASS"
"/knowledge/mv0042","mv","4","0","4","","IMAGE_PASS"
"/knowledge/mv0041","mv","4","0","4","","IMAGE_PASS"
"/knowledge/mv0051","mv","4","0","4","","IMAGE_PASS"
"/knowledge/mv0050","mv","4","0","4","","IMAGE_PASS"
"/knowledge/mv0049","mv","4","0","4","","IMAGE_PASS"
"/knowledge/mv0048","mv","4","0","4","","IMAGE_PASS"
"/knowledge/mv0047","mv","4","0","4","","IMAGE_PASS"
"/knowledge/mv0046","mv","4","0","4","","IMAGE_PASS"
"/knowledge/mv0045","mv","4","0","3","HOTLINKED|UNRESOLVED","HOTLINKED|UNRESOLVED"
"/knowledge/mv0044","mv","4","0","4","","IMAGE_PASS"
"/knowledge/mv0043","mv","4","0","4","","IMAGE_PASS"
"/knowledge/mv0042","mv","4","0","4","","IMAGE_PASS"
"/knowledge/mv0041","mv","4","0","4","","IMAGE_PASS"
"/knowledge/mv0040","mv","4","0","3","HOTLINKED|UNRESOLVED","HOTLINKED|UNRESOLVED"
"/knowledge/mv0039","mv","4","0","3","HOTLINKED|UNRESOLVED","HOTLINKED|UNRESOLVED"
"/knowledge/mv0038","mv","4","0","3","HOTLINKED|UNRESOLVED","HOTLINKED|UNRESOLVED"
"/knowledge/mv0037","mv","4","0","3","HOTLINKED|UNRESOLVED","HOTLINKED|UNRESOLVED"
"/knowledge/mv0036","mv","4","0","4","","IMAGE_PASS"
"/knowledge/mv0035","mv","4","0","3","HOTLINKED|UNRESOLVED","HOTLINKED|UNRESOLVED"
"/knowledge/mv0034","mv","4","0","3","HOTLINKED|UNRESOLVED","HOTLINKED|UNRESOLVED"
"/knowledge/mv0033","mv","4","0","4","","IMAGE_PASS"
"/knowledge/mv0032","mv","4","1","3","HOTLINKED","IMAGE_PASS"
"/knowledge/mv0031","mv","4","0","4","","IMAGE_PASS"
"/knowledge/mv0030","mv","4","2","1","HOTLINKED|UNRESOLVED","HOTLINKED|UNRESOLVED"
"/knowledge/mv0029","mv","4","4","0","HOTLINKED","IMAGE_PASS"
"/knowledge/mv0028","mv","4","4","0","HOTLINKED","IMAGE_PASS"
"/knowledge/mv0027","mv","4","3","0","HOTLINKED|UNRESOLVED","HOTLINKED|UNRESOLVED"
"/knowledge/mv0026","mv","4","3","0","HOTLINKED|UNRESOLVED","HOTLINKED|UNRESOLVED"
"/knowledge/mv0025","mv","4","3","0","HOTLINKED|UNRESOLVED","HOTLINKED|UNRESOLVED"
"/knowledge/mv0024","mv","4","3","0","HOTLINKED|UNRESOLVED","HOTLINKED|UNRESOLVED"
"/knowledge/mv0023","mv","4","3","0","HOTLINKED|UNRESOLVED","HOTLINKED|UNRESOLVED"
"/knowledge/mv0022","mv","4","3","0","HOTLINKED|UNRESOLVED","HOTLINKED|UNRESOLVED"
"/knowledge/mv0021","mv","4","3","0","HOTLINKED|UNRESOLVED","HOTLINKED|UNRESOLVED"
"/knowledge/mv0020","mv","4","3","0","HOTLINKED|UNRESOLVED","HOTLINKED|UNRESOLVED"
"/knowledge/mv0019","mv","4","4","0","HOTLINKED","IMAGE_PASS"
"/knowledge/mv0018","mv","4","4","0","HOTLINKED","IMAGE_PASS"
"/knowledge/mv0017","mv","4","3","0","HOTLINKED|UNRESOLVED","HOTLINKED|UNRESOLVED"
"/knowledge/mv0016","mv","4","4","0","HOTLINKED","IMAGE_PASS"
"/knowledge/mv0015","mv","4","3","0","HOTLINKED|UNRESOLVED","HOTLINKED|UNRESOLVED"
"/knowledge/mv0014","mv","4","4","0","HOTLINKED","IMAGE_PASS"
"/knowledge/mv0013","mv","4","4","0","HOTLINKED","IMAGE_PASS"
"/knowledge/mv0012","mv","4","4","0","HOTLINKED","IMAGE_PASS"
"/knowledge/mv0011","mv","4","4","0","HOTLINKED","IMAGE_PASS"
"/knowledge/mv0010","mv","4","4","0","HOTLINKED","IMAGE_PASS"
"/knowledge/mv0009","mv","4","4","0","HOTLINKED","IMAGE_PASS"
"/knowledge/mv0008","mv","4","4","0","HOTLINKED","IMAGE_PASS"
"/knowledge/mv0007","mv","4","4","0","HOTLINKED","IMAGE_PASS"
"/knowledge/mv0006","mv","4","3","0","HOTLINKED|UNRESOLVED","HOTLINKED|UNRESOLVED"
"/knowledge/mv0005","mv","4","4","0","HOTLINKED","IMAGE_PASS"
"/knowledge/mv0004","mv","4","4","0","HOTLINKED","IMAGE_PASS"
"/knowledge/mv0003","mv","4","4","0","HOTLINKED","IMAGE_PASS"
"/knowledge/mv0002","mv","4","4","0","HOTLINKED","IMAGE_PASS"
"/knowledge/mv0001","mv","4","4","0","HOTLINKED","IMAGE_PASS"
"/knowledge/hf0062","hf","4","3","1","HOTLINKED","IMAGE_PASS"
"/knowledge/hf0061","hf","4","3","0","UNRESOLVED|HOTLINKED","UNRESOLVED|HOTLINKED"
"/knowledge/hf0060","hf","4","4","0","HOTLINKED","IMAGE_PASS"
"/knowledge/hf0059","hf","4","3","0","UNRESOLVED|HOTLINKED","UNRESOLVED|HOTLINKED"
"/knowledge/hf0058","hf","4","4","0","HOTLINKED","IMAGE_PASS"
"/knowledge/hf0057","hf","4","4","0","HOTLINKED","IMAGE_PASS"
"/knowledge/hf0056","hf","4","3","0","HOTLINKED|UNRESOLVED","HOTLINKED|UNRESOLVED"
"/knowledge/hf0055","hf","4","4","0","HOTLINKED","IMAGE_PASS"
"/knowledge/hf0054","hf","4","3","0","HOTLINKED|UNRESOLVED","HOTLINKED|UNRESOLVED"
"/knowledge/hf0053","hf","4","4","0","HOTLINKED","IMAGE_PASS"
"/knowledge/hf0052","hf","4","4","0","HOTLINKED","IMAGE_PASS"
"/knowledge/hf0051","hf","4","4","0","HOTLINKED","IMAGE_PASS"
"/knowledge/hf0050","hf","4","4","0","HOTLINKED","IMAGE_PASS"
"/knowledge/hf0049","hf","4","4","0","HOTLINKED","IMAGE_PASS"
"/knowledge/hf0048","hf","4","4","0","HOTLINKED","IMAGE_PASS"
"/knowledge/hf0047","hf","4","4","0","HOTLINKED","IMAGE_PASS"
"/knowledge/hf0046","hf","4","4","0","HOTLINKED","IMAGE_PASS"
"/knowledge/hf0045","hf","4","4","0","HOTLINKED","IMAGE_PASS"
"/knowledge/hf0044","hf","4","4","0","HOTLINKED","IMAGE_PASS"
"/knowledge/hf0043","hf","4","4","0","HOTLINKED","IMAGE_PASS"
"/knowledge/hf0042","hf","4","4","0","HOTLINKED","IMAGE_PASS"
"/knowledge/hf0041","hf","4","3","0","HOTLINKED|UNRESOLVED","HOTLINKED|UNRESOLVED"
"/knowledge/hf0040","hf","4","3","0","HOTLINKED|UNRESOLVED","HOTLINKED|UNRESOLVED"
"/knowledge/hf0039","hf","4","4","0","HOTLINKED","IMAGE_PASS"
"/knowledge/hf0038","hf","4","4","0","HOTLINKED","IMAGE_PASS"
"/knowledge/hf0037","hf","4","4","0","HOTLINKED","IMAGE_PASS"
"/knowledge/hf0036","hf","4","4","0","HOTLINKED","IMAGE_PASS"
"/knowledge/hf0034","hf","4","4","0","HOTLINKED","IMAGE_PASS"
"/knowledge/hf0035","hf","4","4","0","HOTLINKED","IMAGE_PASS"
"/knowledge/hf0033","hf","4","3","0","HOTLINKED|UNRESOLVED","HOTLINKED|UNRESOLVED"
"/knowledge/hf0032","hf","4","3","0","UNRESOLVED|HOTLINKED","UNRESOLVED|HOTLINKED"
"/knowledge/hf0028","hf","4","3","0","HOTLINKED|UNRESOLVED","HOTLINKED|UNRESOLVED"
"/knowledge/hf0019","hf","4","4","0","HOTLINKED","IMAGE_PASS"
"/knowledge/hf0022","hf","4","3","0","HOTLINKED|UNRESOLVED","HOTLINKED|UNRESOLVED"
"/knowledge/hf0031","hf","4","4","0","HOTLINKED","IMAGE_PASS"
"/knowledge/hf0030","hf","4","4","0","HOTLINKED","IMAGE_PASS"
"/knowledge/hf0029","hf","4","4","0","HOTLINKED","IMAGE_PASS"
"/knowledge/hf0026","hf","4","4","0","HOTLINKED","IMAGE_PASS"
"/knowledge/hf0024","hf","4","4","0","HOTLINKED","IMAGE_PASS"
"/knowledge/hf0017","hf","4","4","0","HOTLINKED","IMAGE_PASS"
"/knowledge/hf0023","hf","4","4","0","HOTLINKED","IMAGE_PASS"
"/knowledge/hf0021","hf","4","2","0","UNRESOLVED|HOTLINKED","UNRESOLVED|HOTLINKED"
"/knowledge/hf0020","hf","4","3","1","HOTLINKED","IMAGE_PASS"
"/knowledge/hf0025","hf","4","3","0","HOTLINKED|UNRESOLVED","HOTLINKED|UNRESOLVED"
"/knowledge/hf0018","hf","4","4","0","HOTLINKED","IMAGE_PASS"
"/knowledge/hf0027","hf","4","4","0","HOTLINKED","IMAGE_PASS"
"/knowledge/hf0007","hf","4","2","0","UNRESOLVED|HOTLINKED","UNRESOLVED|HOTLINKED"
"/knowledge/hf0003","hf","4","3","0","HOTLINKED|UNRESOLVED","HOTLINKED|UNRESOLVED"
"/knowledge/hf0004","hf","4","3","0","HOTLINKED|UNRESOLVED","HOTLINKED|UNRESOLVED"
"/knowledge/hf0002","hf","4","3","0","HOTLINKED|UNRESOLVED","HOTLINKED|UNRESOLVED"
"/knowledge/hf0005","hf","4","4","0","HOTLINKED","IMAGE_PASS"
"/knowledge/hf0016","hf","4","4","0","HOTLINKED","IMAGE_PASS"
"/knowledge/hf0013","hf","4","2","0","HOTLINKED|UNRESOLVED","HOTLINKED|UNRESOLVED"
"/knowledge/hf0009","hf","4","4","0","HOTLINKED","IMAGE_PASS"
"/knowledge/hf0015","hf","4","3","0","HOTLINKED|UNRESOLVED","HOTLINKED|UNRESOLVED"
"/knowledge/hf0010","hf","4","3","0","HOTLINKED|UNRESOLVED","HOTLINKED|UNRESOLVED"
"/knowledge/hf0006","hf","4","4","0","HOTLINKED","IMAGE_PASS"
"/knowledge/hf0014","hf","4","3","0","UNRESOLVED|HOTLINKED","UNRESOLVED|HOTLINKED"
"/knowledge/hf0011","hf","4","3","0","HOTLINKED|UNRESOLVED","HOTLINKED|UNRESOLVED"
"/knowledge/hf0001","hf","4","4","0","HOTLINKED","IMAGE_PASS"
"/knowledge/hf0008","hf","4","4","0","HOTLINKED","IMAGE_PASS"
"/knowledge/hf0012","hf","4","3","1","HOTLINKED","IMAGE_PASS"
"/knowledge/hf0062","hf","4","1","3","","IMAGE_PASS"
"/knowledge/hf0061","hf","4","1","3","","IMAGE_PASS"
"/knowledge/hf0060","hf","4","1","3","","IMAGE_PASS"
"/knowledge/hf0059","hf","4","1","3","","IMAGE_PASS"
"/knowledge/hf0058","hf","4","1","3","","IMAGE_PASS"
"/knowledge/hf0057","hf","4","1","3","","IMAGE_PASS"
"/knowledge/hf0056","hf","4","2","2","HOTLINKED","IMAGE_PASS"
"/knowledge/hf0055","hf","4","1","3","","IMAGE_PASS"
"/knowledge/hf0054","hf","4","2","2","HOTLINKED","IMAGE_PASS"
"/knowledge/hf0053","hf","4","1","3","","IMAGE_PASS"
"/knowledge/hf0052","hf","4","1","3","","IMAGE_PASS"
"/knowledge/hf0051","hf","4","1","3","","IMAGE_PASS"
"/knowledge/hf0050","hf","4","1","3","","IMAGE_PASS"
"/knowledge/hf0049","hf","4","1","3","","IMAGE_PASS"
"/knowledge/hf0048","hf","4","1","3","","IMAGE_PASS"
"/knowledge/hf0047","hf","4","1","3","","IMAGE_PASS"
"/knowledge/hf0046","hf","4","1","3","","IMAGE_PASS"
"/knowledge/hf0045","hf","4","1","3","","IMAGE_PASS"
"/knowledge/hf0044","hf","4","1","3","","IMAGE_PASS"
"/knowledge/hf0043","hf","4","1","3","","IMAGE_PASS"
"/knowledge/hf0042","hf","4","1","3","","IMAGE_PASS"
"/knowledge/hf0041","hf","4","1","2","HOTLINKED|UNRESOLVED","HOTLINKED|UNRESOLVED"
"/knowledge/hf0040","hf","4","1","2","HOTLINKED|UNRESOLVED","HOTLINKED|UNRESOLVED"
"/knowledge/hf0039","hf","4","1","3","","IMAGE_PASS"
"/knowledge/hf0038","hf","4","1","3","","IMAGE_PASS"
"/knowledge/hf0037","hf","4","1","3","","IMAGE_PASS"
"/knowledge/hf0036","hf","4","1","3","","IMAGE_PASS"
"/knowledge/hf0034","hf","4","1","3","","IMAGE_PASS"
"/knowledge/hf0035","hf","4","1","3","","IMAGE_PASS"
"/knowledge/hf0033","hf","4","1","2","HOTLINKED|UNRESOLVED","HOTLINKED|UNRESOLVED"
"/knowledge/hf0032","hf","4","1","3","","IMAGE_PASS"
"/knowledge/hf0028","hf","4","1","2","HOTLINKED|UNRESOLVED","HOTLINKED|UNRESOLVED"
"/knowledge/hf0019","hf","4","1","3","","IMAGE_PASS"
"/knowledge/hf0022","hf","4","1","2","HOTLINKED|UNRESOLVED","HOTLINKED|UNRESOLVED"
"/knowledge/hf0031","hf","4","1","3","","IMAGE_PASS"
"/knowledge/hf0030","hf","4","1","3","","IMAGE_PASS"
"/knowledge/hf0029","hf","4","1","3","","IMAGE_PASS"
"/knowledge/hf0026","hf","4","1","3","","IMAGE_PASS"
"/knowledge/hf0024","hf","4","1","3","","IMAGE_PASS"
"/knowledge/hf0017","hf","4","1","3","","IMAGE_PASS"
"/knowledge/hf0023","hf","4","1","3","","IMAGE_PASS"
"/knowledge/hf0021","hf","4","2","2","HOTLINKED","IMAGE_PASS"
"/knowledge/hf0020","hf","4","1","3","","IMAGE_PASS"
"/knowledge/hf0062","hf","4","0","3","UNRESOLVED","UNRESOLVED"
"/knowledge/hf0061","hf","4","0","3","UNRESOLVED","UNRESOLVED"
"/knowledge/hf0025","hf","4","1","2","HOTLINKED|UNRESOLVED","HOTLINKED|UNRESOLVED"
"/knowledge/hf0018","hf","4","1","3","","IMAGE_PASS"
"/knowledge/hf0027","hf","4","1","3","","IMAGE_PASS"
"/knowledge/hf0007","hf","4","0","3","HOTLINKED|UNRESOLVED","HOTLINKED|UNRESOLVED"
"/knowledge/hf0003","hf","4","1","3","HOTLINKED","IMAGE_PASS"
"/knowledge/hf0004","hf","4","0","3","HOTLINKED|UNRESOLVED","HOTLINKED|UNRESOLVED"
"/knowledge/hf0002","hf","4","0","3","HOTLINKED|UNRESOLVED","HOTLINKED|UNRESOLVED"
"/knowledge/hf0005","hf","4","0","4","","IMAGE_PASS"
"/knowledge/hf0016","hf","4","1","3","","IMAGE_PASS"
"/knowledge/hf0013","hf","4","2","1","HOTLINKED|UNRESOLVED","HOTLINKED|UNRESOLVED"
"/knowledge/hf0009","hf","4","0","4","","IMAGE_PASS"
"/knowledge/hf0015","hf","4","1","2","HOTLINKED|UNRESOLVED","HOTLINKED|UNRESOLVED"
"/knowledge/hf0010","hf","4","1","3","HOTLINKED","IMAGE_PASS"
"/knowledge/hf0006","hf","4","0","4","","IMAGE_PASS"
"/knowledge/hf0014","hf","4","0","3","UNRESOLVED","UNRESOLVED"
"/knowledge/hf0014","hf","4","0","3","UNRESOLVED","UNRESOLVED"
"/knowledge/hf0011","hf","4","0","3","HOTLINKED|UNRESOLVED","HOTLINKED|UNRESOLVED"
"/knowledge/hf0001","hf","4","1","3","","IMAGE_PASS"
"/knowledge/gp0511","gp","4","3","0","GRADE_MISSING|HOTLINKED","GRADE_MISSING|HOTLINKED"
"/knowledge/gp0510","gp","4","3","1","HOTLINKED","IMAGE_PASS"
"/knowledge/gp0509","gp","4","3","1","HOTLINKED","IMAGE_PASS"
"/knowledge/gp0508","gp","4","4","0","HOTLINKED","IMAGE_PASS"
"/knowledge/gp0507","gp","4","3","1","HOTLINKED","IMAGE_PASS"
"/knowledge/gp0506","gp","4","4","0","HOTLINKED","IMAGE_PASS"
"/knowledge/gp0505","gp","4","4","0","HOTLINKED","IMAGE_PASS"
"/knowledge/gp0504","gp","4","4","0","HOTLINKED","IMAGE_PASS"
"/knowledge/gp0503","gp","4","4","0","HOTLINKED","IMAGE_PASS"
"/knowledge/gp0502","gp","4","4","0","HOTLINKED","IMAGE_PASS"
"/knowledge/gp0497","gp","4","4","0","HOTLINKED","IMAGE_PASS"
"/knowledge/gp0501","gp","4","4","0","HOTLINKED","IMAGE_PASS"
"/knowledge/gp0500","gp","4","4","0","HOTLINKED","IMAGE_PASS"
"/knowledge/gp0499","gp","4","4","0","HOTLINKED","IMAGE_PASS"
"/knowledge/gp0498","gp","4","4","0","HOTLINKED","IMAGE_PASS"
"/knowledge/gp0496","gp","4","2","0","HOTLINKED|UNRESOLVED","HOTLINKED|UNRESOLVED"
"/knowledge/gp0495","gp","4","4","0","HOTLINKED","IMAGE_PASS"
"/knowledge/gp0494","gp","4","4","0","HOTLINKED","IMAGE_PASS"
"/knowledge/gp0493","gp","4","4","0","HOTLINKED","IMAGE_PASS"
"/knowledge/gp0492","gp","4","4","0","HOTLINKED","IMAGE_PASS"
"/knowledge/gp0490","gp","4","3","0","HOTLINKED|UNRESOLVED","HOTLINKED|UNRESOLVED"
"/knowledge/gp0491","gp","4","2","0","HOTLINKED|UNRESOLVED","HOTLINKED|UNRESOLVED"
"/knowledge/gp0489","gp","4","4","0","HOTLINKED","IMAGE_PASS"
"/knowledge/gp0487","gp","4","4","0","HOTLINKED","IMAGE_PASS"
"/knowledge/gp0435","gp","4","4","0","HOTLINKED","IMAGE_PASS"
"/knowledge/gp0433","gp","4","4","0","HOTLINKED","IMAGE_PASS"
"/knowledge/gp0396","gp","4","4","0","HOTLINKED","IMAGE_PASS"
"/knowledge/gp0395","gp","4","3","0","HOTLINKED|UNRESOLVED","HOTLINKED|UNRESOLVED"
"/knowledge/gp0392","gp","4","3","0","HOTLINKED|UNRESOLVED","HOTLINKED|UNRESOLVED"
"/knowledge/gp0391","gp","4","3","0","HOTLINKED|UNRESOLVED","HOTLINKED|UNRESOLVED"
"/knowledge/gp390","gp","4","4","0","HOTLINKED","IMAGE_PASS"
"/knowledge/gp389","gp","4","2","0","HOTLINKED|UNRESOLVED","HOTLINKED|UNRESOLVED"
"/knowledge/gp388","gp","4","3","0","HOTLINKED|UNRESOLVED","HOTLINKED|UNRESOLVED"
"/knowledge/gp387","gp","4","3","0","HOTLINKED|UNRESOLVED","HOTLINKED|UNRESOLVED"
"/knowledge/gp386","gp","4","2","0","HOTLINKED|UNRESOLVED","HOTLINKED|UNRESOLVED"
"/knowledge/gp385","gp","4","2","0","HOTLINKED|UNRESOLVED","HOTLINKED|UNRESOLVED"
"/knowledge/gp384","gp","4","2","0","HOTLINKED|UNRESOLVED","HOTLINKED|UNRESOLVED"
"/knowledge/gp383","gp","4","2","0","HOTLINKED|UNRESOLVED","HOTLINKED|UNRESOLVED"
"/knowledge/gp382","gp","4","3","0","HOTLINKED|UNRESOLVED","HOTLINKED|UNRESOLVED"
"/knowledge/gp0381","gp","4","2","0","HOTLINKED|UNRESOLVED","HOTLINKED|UNRESOLVED"
"/knowledge/gp0380","gp","4","2","0","HOTLINKED|UNRESOLVED","HOTLINKED|UNRESOLVED"
"/knowledge/gp0379","gp","4","3","0","HOTLINKED|UNRESOLVED","HOTLINKED|UNRESOLVED"
"/knowledge/gp378","gp","4","2","0","HOTLINKED|UNRESOLVED","HOTLINKED|UNRESOLVED"
"/knowledge/gp377","gp","4","1","0","HOTLINKED|UNRESOLVED","HOTLINKED|UNRESOLVED"
"/knowledge/gp376","gp","4","2","0","HOTLINKED|UNRESOLVED","HOTLINKED|UNRESOLVED"
"/knowledge/gp375","gp","4","2","0","HOTLINKED|UNRESOLVED","HOTLINKED|UNRESOLVED"
"/knowledge/gp0374","gp","4","4","0","HOTLINKED","IMAGE_PASS"
"/knowledge/gp0372","gp","4","4","0","HOTLINKED","IMAGE_PASS"
"/knowledge/gp0373","gp","4","4","0","HOTLINKED","IMAGE_PASS"
"/knowledge/gp0369","gp","4","4","0","HOTLINKED","IMAGE_PASS"
"/knowledge/gp0371","gp","4","4","0","HOTLINKED","IMAGE_PASS"
"/knowledge/gp0370","gp","4","4","0","HOTLINKED","IMAGE_PASS"
"/knowledge/gp0366","gp","4","4","0","HOTLINKED","IMAGE_PASS"
"/knowledge/gp0367","gp","4","4","0","HOTLINKED","IMAGE_PASS"
"/knowledge/gp0368","gp","4","4","0","HOTLINKED","IMAGE_PASS"
"/knowledge/gp0363","gp","4","4","0","HOTLINKED","IMAGE_PASS"
"/knowledge/gp0365","gp","4","4","0","HOTLINKED","IMAGE_PASS"
"/knowledge/gp0364","gp","3","3","0","HOTLINKED","IMAGE_PASS"
"/knowledge/gp0360","gp","4","2","0","HOTLINKED|UNRESOLVED","HOTLINKED|UNRESOLVED"
"/knowledge/gp0361","gp","4","4","0","HOTLINKED","IMAGE_PASS"
"/knowledge/gp0362","gp","4","4","0","HOTLINKED","IMAGE_PASS"
"/knowledge/gp0358","gp","4","3","0","HOTLINKED|UNRESOLVED","HOTLINKED|UNRESOLVED"
"/knowledge/gp0359","gp","4","4","0","HOTLINKED","IMAGE_PASS"
"/knowledge/gp0357","gp","4","4","0","HOTLINKED","IMAGE_PASS"
"/knowledge/gp0354","gp","4","4","0","HOTLINKED","IMAGE_PASS"
"/knowledge/gp0355","gp","4","4","0","HOTLINKED","IMAGE_PASS"
"/knowledge/gp0356","gp","4","3","0","HOTLINKED|UNRESOLVED","HOTLINKED|UNRESOLVED"
"/knowledge/gp0351","gp","4","3","0","HOTLINKED|UNRESOLVED","HOTLINKED|UNRESOLVED"
"/knowledge/gp0352","gp","4","4","0","HOTLINKED","IMAGE_PASS"
"/knowledge/gp0353","gp","4","4","0","HOTLINKED","IMAGE_PASS"
"/knowledge/gp0348","gp","4","3","0","HOTLINKED|UNRESOLVED","HOTLINKED|UNRESOLVED"
"/knowledge/gp0349","gp","4","4","0","HOTLINKED","IMAGE_PASS"
"/knowledge/gp0350","gp","4","4","0","HOTLINKED","IMAGE_PASS"
"/knowledge/gp0345","gp","4","4","0","HOTLINKED","IMAGE_PASS"
"/knowledge/gp0346","gp","4","4","0","HOTLINKED","IMAGE_PASS"
"/knowledge/gp0347","gp","4","4","0","HOTLINKED","IMAGE_PASS"
"/knowledge/gp0344","gp","4","4","0","HOTLINKED","IMAGE_PASS"
"/knowledge/gp0343","gp","4","3","0","HOTLINKED|UNRESOLVED","HOTLINKED|UNRESOLVED"
"/knowledge/gp0341","gp","4","3","0","HOTLINKED|UNRESOLVED","HOTLINKED|UNRESOLVED"
"/knowledge/gp0342","gp","4","3","0","HOTLINKED|UNRESOLVED","HOTLINKED|UNRESOLVED"
"/knowledge/gp0340","gp","4","4","0","HOTLINKED","IMAGE_PASS"
"/knowledge/gp0339","gp","4","4","0","HOTLINKED","IMAGE_PASS"
"/knowledge/gp0338","gp","4","4","0","HOTLINKED","IMAGE_PASS"
"/knowledge/gp0337","gp","4","3","0","HOTLINKED|UNRESOLVED","HOTLINKED|UNRESOLVED"
"/knowledge/gp0335","gp","4","4","0","HOTLINKED","IMAGE_PASS"
"/knowledge/gp0336","gp","4","4","0","HOTLINKED","IMAGE_PASS"
"/knowledge/gp0334","gp","4","4","0","HOTLINKED","IMAGE_PASS"
"/knowledge/gp0333","gp","4","4","0","HOTLINKED","IMAGE_PASS"
"/knowledge/gp0331","gp","4","4","0","HOTLINKED","IMAGE_PASS"
"/knowledge/gp0332","gp","4","3","0","HOTLINKED|UNRESOLVED","HOTLINKED|UNRESOLVED"
"/knowledge/gp0330","gp","4","4","0","HOTLINKED","IMAGE_PASS"
"/knowledge/gp0329","gp","4","4","0","HOTLINKED","IMAGE_PASS"
"/knowledge/gp0328","gp","4","4","0","HOTLINKED","IMAGE_PASS"
"/knowledge/gp0327","gp","4","4","0","HOTLINKED","IMAGE_PASS"
"/knowledge/gp0325","gp","4","4","0","HOTLINKED","IMAGE_PASS"
"/knowledge/gp0326","gp","4","4","0","HOTLINKED","IMAGE_PASS"
"/knowledge/gp0323","gp","4","4","0","HOTLINKED","IMAGE_PASS"
"/knowledge/gp0324","gp","4","4","0","HOTLINKED","IMAGE_PASS"
"/knowledge/gp0322","gp","4","4","0","HOTLINKED","IMAGE_PASS"
"/knowledge/gp0321","gp","4","4","0","HOTLINKED","IMAGE_PASS"
"/knowledge/gp0319","gp","4","4","0","HOTLINKED","IMAGE_PASS"
"/knowledge/gp0320","gp","4","3","0","HOTLINKED|UNRESOLVED","HOTLINKED|UNRESOLVED"
"/knowledge/gp0318","gp","4","3","0","HOTLINKED|UNRESOLVED","HOTLINKED|UNRESOLVED"
"/knowledge/gp0317","gp","4","4","0","HOTLINKED","IMAGE_PASS"
"/knowledge/gp0314","gp","4","4","0","HOTLINKED","IMAGE_PASS"
"/knowledge/gp0316","gp","4","4","0","HOTLINKED","IMAGE_PASS"
"/knowledge/gp0315","gp","4","4","0","HOTLINKED","IMAGE_PASS"
"/knowledge/gp0311","gp","4","3","0","HOTLINKED|UNRESOLVED","HOTLINKED|UNRESOLVED"
"/knowledge/gp0313","gp","4","4","0","HOTLINKED","IMAGE_PASS"
"/knowledge/gp0312","gp","4","3","0","HOTLINKED|UNRESOLVED","HOTLINKED|UNRESOLVED"
"/knowledge/gp0310","gp","4","3","0","HOTLINKED|UNRESOLVED","HOTLINKED|UNRESOLVED"
"/knowledge/gp0309","gp","4","3","0","HOTLINKED|UNRESOLVED","HOTLINKED|UNRESOLVED"
"/knowledge/gp0308","gp","4","4","0","HOTLINKED","IMAGE_PASS"
"/knowledge/gp0306","gp","4","4","0","HOTLINKED","IMAGE_PASS"
"/knowledge/gp0305","gp","4","3","0","HOTLINKED|UNRESOLVED","HOTLINKED|UNRESOLVED"
"/knowledge/gp0307","gp","4","3","0","HOTLINKED|UNRESOLVED","HOTLINKED|UNRESOLVED"
"/knowledge/gp0304","gp","4","3","0","HOTLINKED|UNRESOLVED","HOTLINKED|UNRESOLVED"
"/knowledge/gp0301","gp","4","4","0","HOTLINKED","IMAGE_PASS"
"/knowledge/gp0302","gp","4","3","0","HOTLINKED|UNRESOLVED","HOTLINKED|UNRESOLVED"
"/knowledge/gp0303","gp","4","4","0","HOTLINKED","IMAGE_PASS"
"/knowledge/gp0298","gp","4","4","0","HOTLINKED","IMAGE_PASS"
"/knowledge/gp0299","gp","4","4","0","HOTLINKED","IMAGE_PASS"
"/knowledge/gp0300","gp","4","2","0","HOTLINKED|UNRESOLVED","HOTLINKED|UNRESOLVED"
"/knowledge/gp0297","gp","4","3","0","HOTLINKED|UNRESOLVED","HOTLINKED|UNRESOLVED"
"/knowledge/gp0296","gp","4","3","0","HOTLINKED|UNRESOLVED","HOTLINKED|UNRESOLVED"
"/knowledge/gp0295","gp","4","4","0","HOTLINKED","IMAGE_PASS"
"/knowledge/gp0294","gp","4","4","0","HOTLINKED","IMAGE_PASS"
"/knowledge/gp0292","gp","4","3","0","HOTLINKED|UNRESOLVED","HOTLINKED|UNRESOLVED"
"/knowledge/gp0293","gp","4","4","0","HOTLINKED","IMAGE_PASS"
"/knowledge/gp0291","gp","4","1","0","HOTLINKED|UNRESOLVED","HOTLINKED|UNRESOLVED"
"/knowledge/gp0290","gp","4","3","0","HOTLINKED|UNRESOLVED","HOTLINKED|UNRESOLVED"
"/knowledge/gp0289","gp","4","2","0","HOTLINKED|UNRESOLVED","HOTLINKED|UNRESOLVED"
"/knowledge/gp0286","gp","4","3","0","HOTLINKED|UNRESOLVED","HOTLINKED|UNRESOLVED"
"/knowledge/gp0287","gp","4","4","0","HOTLINKED","IMAGE_PASS"
"/knowledge/gp0288","gp","4","2","0","HOTLINKED|UNRESOLVED","HOTLINKED|UNRESOLVED"
"/knowledge/gp0285","gp","4","4","0","HOTLINKED","IMAGE_PASS"
"/knowledge/gp0283","gp","4","4","0","HOTLINKED","IMAGE_PASS"
"/knowledge/gp0284","gp","4","3","0","HOTLINKED|UNRESOLVED","HOTLINKED|UNRESOLVED"
"/knowledge/gp0282","gp","4","4","0","HOTLINKED","IMAGE_PASS"
"/knowledge/gp0281","gp","4","4","0","HOTLINKED","IMAGE_PASS"
"/knowledge/gp0280","gp","4","4","0","HOTLINKED","IMAGE_PASS"
"/knowledge/gp0279","gp","4","4","0","HOTLINKED","IMAGE_PASS"
"/knowledge/gp0278","gp","4","4","0","HOTLINKED","IMAGE_PASS"
"/knowledge/gp0277","gp","4","4","0","HOTLINKED","IMAGE_PASS"
"/knowledge/gp0276","gp","4","3","0","HOTLINKED|UNRESOLVED","HOTLINKED|UNRESOLVED"
"/knowledge/gp0271","gp","4","4","0","HOTLINKED","IMAGE_PASS"
"/knowledge/gp0275","gp","4","4","0","HOTLINKED","IMAGE_PASS"
"/knowledge/gp0273","gp","4","2","0","HOTLINKED|UNRESOLVED","HOTLINKED|UNRESOLVED"
"/knowledge/gp0274","gp","4","3","0","HOTLINKED|UNRESOLVED","HOTLINKED|UNRESOLVED"
"/knowledge/gp0272","gp","4","4","0","HOTLINKED","IMAGE_PASS"
"/knowledge/gp0270","gp","4","4","0","HOTLINKED","IMAGE_PASS"
"/knowledge/gp0268","gp","4","4","0","HOTLINKED","IMAGE_PASS"
"/knowledge/gp0269","gp","4","3","0","HOTLINKED|UNRESOLVED","HOTLINKED|UNRESOLVED"
"/knowledge/gp0266","gp","4","3","0","HOTLINKED|UNRESOLVED","HOTLINKED|UNRESOLVED"
"/knowledge/gp0267","gp","4","3","0","HOTLINKED|UNRESOLVED","HOTLINKED|UNRESOLVED"
"/knowledge/gp0265","gp","4","4","0","HOTLINKED","IMAGE_PASS"
"/knowledge/gp0263","gp","4","4","0","HOTLINKED","IMAGE_PASS"
"/knowledge/gp0264","gp","4","2","0","HOTLINKED|UNRESOLVED","HOTLINKED|UNRESOLVED"
"/knowledge/gp0262","gp","4","4","0","HOTLINKED","IMAGE_PASS"
"/knowledge/gp0261","gp","4","3","0","HOTLINKED|UNRESOLVED","HOTLINKED|UNRESOLVED"
"/knowledge/gp0260","gp","4","3","0","HOTLINKED|UNRESOLVED","HOTLINKED|UNRESOLVED"
"/knowledge/gp0259","gp","4","2","0","HOTLINKED|UNRESOLVED","HOTLINKED|UNRESOLVED"
"/knowledge/gp0258","gp","4","4","0","HOTLINKED","IMAGE_PASS"
"/knowledge/gp0257","gp","4","4","0","HOTLINKED","IMAGE_PASS"
"/knowledge/gp0256","gp","4","4","0","HOTLINKED","IMAGE_PASS"
"/knowledge/gp0255","gp","4","4","0","HOTLINKED","IMAGE_PASS"
"/knowledge/gp0254","gp","4","4","0","HOTLINKED","IMAGE_PASS"
"/knowledge/gp0253","gp","4","4","0","HOTLINKED","IMAGE_PASS"
"/knowledge/gp0252","gp","4","4","0","HOTLINKED","IMAGE_PASS"
"/knowledge/gp0251","gp","4","4","0","HOTLINKED","IMAGE_PASS"
"/knowledge/gp0250","gp","4","4","0","HOTLINKED","IMAGE_PASS"
